id;name;lastName;age;email;numberPhone
1;Brayan;Castelblanco;24;brayan@gmail.com;3059043034
2;Johan;Castelblanco;28;johan@gmail.com;3051234565
3;Luis;Castelblanco;22;junior@gmail.com;3105678925
4;Luis;Cubides;57;luis@gmail.com;3218565492
5;Patricia;Utria;57;patricia@gmail.com;3159545263
6;Ligia;Mendez;86;ligia@gmail.com;3115864231
7;Rafael;Utria;59;rafaeljr@gmail.com;3018412321
8;Martha;Utria;55;martha@gmail.com;3028456523
9;Rafael;Gonzalez;30;rafaelnieto@gmail.com;3178653259
10;Rafael;Barraza;82;rafa@gmail.com;3005846298